"Position","Name","Salary","GameInfo","AvgPointsPerGame","teamAbbrev"
"PG/SF","Giannis Antetokounmpo",10800,"CLE@MIL 10/20/2017 07:00PM ET",48.626,"MIL"
"PF/C","Anthony Davis",10600,"GS@NO 10/20/2017 09:30PM ET",53.062,"NO"
"SF/PF","LeBron James",10500,"CLE@MIL 10/20/2017 07:00PM ET",55.565,"CLE"
"PF/C","DeMarcus Cousins",10400,"GS@NO 10/20/2017 09:30PM ET",52.392,"NO"
"PG","John Wall",9800,"DET@WAS 10/20/2017 07:00PM ET",49.380,"WAS"
"SF/PF","Kevin Durant",9600,"GS@NO 10/20/2017 09:30PM ET",48.418,"GS"
"PG","Damian Lillard",9300,"POR@IND 10/20/2017 07:00PM ET",44.241,"POR"
"C","Karl-Anthony Towns",9100,"UTA@MIN 10/20/2017 08:00PM ET",48.684,"MIN"
"PG/SG","Stephen Curry",8800,"GS@NO 10/20/2017 09:30PM ET",46.283,"GS"
"PG","Kyrie Irving",8600,"BOS@PHI 10/20/2017 07:00PM ET",41.022,"BOS"
"C","Rudy Gobert",8200,"UTA@MIN 10/20/2017 08:00PM ET",37.694,"UTA"
"C","Joel Embiid",8000,"BOS@PHI 10/20/2017 07:00PM ET",38.992,"PHI"
"C","Myles Turner",7900,"POR@IND 10/20/2017 07:00PM ET",31.265,"IND"
"PG","Kemba Walker",7800,"ATL@CHA 10/20/2017 07:00PM ET",39.009,"CHA"
"SG","Jimmy Butler",7700,"UTA@MIN 10/20/2017 08:00PM ET",43.565,"MIN"
"C","Nikola Vucevic",7600,"ORL@BKN 10/20/2017 07:30PM ET",35.625,"ORL"
"PG","Dennis Schroder",7600,"ATL@CHA 10/20/2017 07:00PM ET",33.299,"ATL"
"C","Andre Drummond",7600,"DET@WAS 10/20/2017 07:00PM ET",37.787,"DET"
"PG/SF","Ben Simmons",7500,"BOS@PHI 10/20/2017 07:00PM ET",29.750,"PHI"
"PF/C","Kevin Love",7500,"CLE@MIL 10/20/2017 07:00PM ET",38.962,"CLE"
"PG/SG","Eric Bledsoe",7400,"LAL@PHO 10/20/2017 10:00PM ET",39.347,"PHO"
"PG","D'Angelo Russell",7300,"ORL@BKN 10/20/2017 07:30PM ET",30.270,"BKN"
"PG","Elfrid Payton",7300,"ORL@BKN 10/20/2017 07:30PM ET",30.922,"ORL"
"PF/C","Draymond Green",7300,"GS@NO 10/20/2017 09:30PM ET",37.782,"GS"
"PG/SG","C.J. McCollum",7200,"POR@IND 10/20/2017 07:00PM ET",35.488,"POR"
"PG","Ricky Rubio",7100,"UTA@MIN 10/20/2017 08:00PM ET",33.190,"UTA"
"SG","Bradley Beal",7100,"DET@WAS 10/20/2017 07:00PM ET",35.675,"WAS"
"SG/SF","Devin Booker",7000,"LAL@PHO 10/20/2017 10:00PM ET",33.009,"PHO"
"C","Jusuf Nurkic",7000,"POR@IND 10/20/2017 07:00PM ET",24.974,"POR"
"SF/PF","Aaron Gordon",7000,"ORL@BKN 10/20/2017 07:30PM ET",24.481,"ORL"
"PG/SG","Victor Oladipo",6900,"POR@IND 10/20/2017 07:00PM ET",28.075,"IND"
"PG","Lonzo Ball",6800,"LAL@PHO 10/20/2017 10:00PM ET",24.500,"LAL"
"PF/C","Al Horford",6800,"BOS@PHI 10/20/2017 07:00PM ET",34.037,"BOS"
"C","Dwight Howard",6700,"ATL@CHA 10/20/2017 07:00PM ET",34.832,"CHA"
"PG/SG","Dennis Smith Jr.",6600,"SAC@DAL 10/20/2017 08:30PM ET",9.750,"DAL"
"C","Brook Lopez",6500,"LAL@PHO 10/20/2017 10:00PM ET",34.783,"LAL"
"PG","Isaiah Thomas",6500,"CLE@MIL 10/20/2017 07:00PM ET",42.704,"CLE"
"SG","Klay Thompson",6500,"GS@NO 10/20/2017 09:30PM ET",31.938,"GS"
"SG/SF","Khris Middleton",6400,"CLE@MIL 10/20/2017 07:00PM ET",28.358,"MIL"
"SF/PF","Andrew Wiggins",6300,"UTA@MIN 10/20/2017 08:00PM ET",34.081,"MIN"
"PF/C","Willie Cauley-Stein",6200,"SAC@DAL 10/20/2017 08:30PM ET",17.671,"SAC"
"PG/SG","Jrue Holiday",6100,"GS@NO 10/20/2017 09:30PM ET",34.945,"NO"
"SG/SF","Marcus Smart",6000,"BOS@PHI 10/20/2017 07:00PM ET",25.878,"BOS"
"SG","Jeremy Lin",5900,"ORL@BKN 10/20/2017 07:30PM ET",29.405,"BKN"
"SF/PF","Tobias Harris",5900,"DET@WAS 10/20/2017 07:00PM ET",27.587,"DET"
"PF/C","Julius Randle",5800,"LAL@PHO 10/20/2017 10:00PM ET",30.987,"LAL"
"SF/PF","Thaddeus Young",5800,"POR@IND 10/20/2017 07:00PM ET",24.968,"IND"
"PG","Darren Collison",5800,"POR@IND 10/20/2017 07:00PM ET",25.091,"IND"
"SF/PF","Jayson Tatum",5800,"BOS@PHI 10/20/2017 07:00PM ET",30.250,"BOS"
"SG/SF","Jeremy Lamb",5700,"ATL@CHA 10/20/2017 07:00PM ET",18.957,"CHA"
"SF/PF","Robert Covington",5700,"BOS@PHI 10/20/2017 07:00PM ET",29.467,"PHI"
"SF/PF","Harrison Barnes",5700,"SAC@DAL 10/20/2017 08:30PM ET",29.325,"DAL"
"PG","Jeff Teague",5600,"UTA@MIN 10/20/2017 08:00PM ET",34.701,"MIN"
"C","Marcin Gortat",5600,"DET@WAS 10/20/2017 07:00PM ET",28.346,"WAS"
"SG/SF","Jaylen Brown",5500,"BOS@PHI 10/20/2017 07:00PM ET",12.039,"BOS"
"C","Nerlens Noel",5500,"SAC@DAL 10/20/2017 08:30PM ET",21.389,"DAL"
"PF/C","Zach Randolph",5500,"SAC@DAL 10/20/2017 08:30PM ET",27.719,"SAC"
"PF/C","Derrick Favors",5500,"UTA@MIN 10/20/2017 08:00PM ET",21.164,"UTA"
"SF/PF","Otto Porter",5500,"DET@WAS 10/20/2017 07:00PM ET",28.489,"WAS"
"SF/PF","Rondae Hollis-Jefferson",5400,"ORL@BKN 10/20/2017 07:30PM ET",21.601,"BKN"
"SG/SF","Evan Fournier",5400,"ORL@BKN 10/20/2017 07:30PM ET",26.957,"ORL"
"PF/C","Dario Saric",5400,"BOS@PHI 10/20/2017 07:00PM ET",25.985,"PHI"
"PG","Rajon Rondo",5400,"GS@NO 10/20/2017 09:30PM ET",27.236,"NO"
"PG/SG","Avery Bradley",5400,"DET@WAS 10/20/2017 07:00PM ET",29.843,"DET"
"PG","Reggie Jackson",5400,"DET@WAS 10/20/2017 07:00PM ET",26.183,"DET"
"SG/SF","Rodney Hood",5300,"UTA@MIN 10/20/2017 08:00PM ET",20.457,"UTA"
"SG/SF","Brandon Ingram",5200,"LAL@PHO 10/20/2017 10:00PM ET",19.216,"LAL"
"PG/SG","George Hill",5200,"SAC@DAL 10/20/2017 08:30PM ET",29.284,"SAC"
"SG/SF","Buddy Hield",5200,"SAC@DAL 10/20/2017 08:30PM ET",18.325,"SAC"
"SG/SF","Wesley Matthews",5100,"SAC@DAL 10/20/2017 08:30PM ET",25.145,"DAL"
"PG","De'Aaron Fox",5100,"SAC@DAL 10/20/2017 08:30PM ET",24.250,"SAC"
"SF/PF","T.J. Warren",5000,"LAL@PHO 10/20/2017 10:00PM ET",26.138,"PHO"
"SG/SF","Lance Stephenson",5000,"POR@IND 10/20/2017 07:00PM ET",18.772,"IND"
"SG/SF","Kent Bazemore",5000,"ATL@CHA 10/20/2017 07:00PM ET",21.966,"ATL"
"SG/SF","Taurean Prince",5000,"ATL@CHA 10/20/2017 07:00PM ET",13.534,"ATL"
"SG/SF","Gordon Hayward",5000,"BOS@PHI 10/20/2017 07:00PM ET",36.424,"BOS"
"PG/SG","Markelle Fultz",5000,"BOS@PHI 10/20/2017 07:00PM ET",10.500,"PHI"
"PF/C","Dirk Nowitzki",5000,"SAC@DAL 10/20/2017 08:30PM ET",27.336,"DAL"
"SG","Dwyane Wade",5000,"CLE@MIL 10/20/2017 07:00PM ET",32.731,"CLE"
"PG/SG","Malcolm Brogdon",5000,"CLE@MIL 10/20/2017 07:00PM ET",22.172,"MIL"
"SF/PF","Jabari Parker",5000,"CLE@MIL 10/20/2017 07:00PM ET",34.578,"MIL"
"SF/PF","Markieff Morris",5000,"DET@WAS 10/20/2017 07:00PM ET",27.552,"WAS"
"SF/PF","Kyle Kuzma",4900,"LAL@PHO 10/20/2017 10:00PM ET",28.000,"LAL"
"PF/C","Skal Labissiere",4900,"SAC@DAL 10/20/2017 08:30PM ET",17.676,"SAC"
"PG","Derrick Rose",4900,"CLE@MIL 10/20/2017 07:00PM ET",30.077,"CLE"
"PF/C","Marquese Chriss",4800,"LAL@PHO 10/20/2017 10:00PM ET",18.741,"PHO"
"SF/PF","Al-Farouq Aminu",4800,"POR@IND 10/20/2017 07:00PM ET",23.216,"POR"
"SG/SF","Allen Crabbe",4800,"ORL@BKN 10/20/2017 07:30PM ET",18.018,"BKN"
"PF/C","Greg Monroe",4800,"CLE@MIL 10/20/2017 07:00PM ET",26.098,"MIL"
"SG/SF","Josh Jackson",4700,"LAL@PHO 10/20/2017 10:00PM ET",19.750,"PHO"
"PF/C","Trevor Booker",4700,"ORL@BKN 10/20/2017 07:30PM ET",25.500,"BKN"
"C","Dewayne Dedmon",4700,"ATL@CHA 10/20/2017 07:00PM ET",15.617,"ATL"
"SF/PF","Jae Crowder",4700,"CLE@MIL 10/20/2017 07:00PM ET",27.720,"CLE"
"SG/SF","Joe Ingles",4600,"UTA@MIN 10/20/2017 08:00PM ET",18.177,"UTA"
"SG","Kentavious Caldwell-Pope",4500,"LAL@PHO 10/20/2017 10:00PM ET",24.737,"LAL"
"SG/SF","Evan Turner",4500,"POR@IND 10/20/2017 07:00PM ET",20.750,"POR"
"SF/PF","Ersan Ilyasova",4500,"ATL@CHA 10/20/2017 07:00PM ET",24.075,"ATL"
"SF","Michael Kidd-Gilchrist",4500,"ATL@CHA 10/20/2017 07:00PM ET",23.645,"CHA"
"SF/PF","Marcus Morris",4500,"BOS@PHI 10/20/2017 07:00PM ET",25.057,"BOS"
"SG/SF","J.J. Redick",4500,"BOS@PHI 10/20/2017 07:00PM ET",21.451,"PHI"
"SG/SF","Bogdan Bogdanovic",4500,"SAC@DAL 10/20/2017 08:30PM ET",5.250,"SAC"
"PG/SG","Jordan Clarkson",4400,"LAL@PHO 10/20/2017 10:00PM ET",24.238,"LAL"
"SF/PF","Maurice Harkless",4400,"POR@IND 10/20/2017 07:00PM ET",21.021,"POR"
"PG/SF","Caris LeVert",4400,"ORL@BKN 10/20/2017 07:30PM ET",17.228,"BKN"
"PF/C","John Collins",4400,"ATL@CHA 10/20/2017 07:00PM ET",20.750,"ATL"
"SF/PF","Marvin Williams",4400,"ATL@CHA 10/20/2017 07:00PM ET",24.804,"CHA"
"SG/SF","Kelly Oubre Jr.",4400,"DET@WAS 10/20/2017 07:00PM ET",13.124,"WAS"
"SF/PF","Larry Nance Jr.",4300,"LAL@PHO 10/20/2017 10:00PM ET",20.112,"LAL"
"PG/SG","Sean Kilpatrick",4300,"ORL@BKN 10/20/2017 07:30PM ET",22.789,"BKN"
"SF/PF","DeMarre Carroll",4300,"ORL@BKN 10/20/2017 07:30PM ET",17.801,"BKN"
"SG/SF","Terrence Ross",4300,"ORL@BKN 10/20/2017 07:30PM ET",19.418,"ORL"
"PF/C","Frank Kaminsky",4300,"ATL@CHA 10/20/2017 07:00PM ET",22.747,"CHA"
"PG/SG","Terry Rozier",4200,"BOS@PHI 10/20/2017 07:00PM ET",13.688,"BOS"
"PG/SG","Yogi Ferrell",4200,"SAC@DAL 10/20/2017 08:30PM ET",20.819,"DAL"
"PG/SG","J.J. Barea",4200,"SAC@DAL 10/20/2017 08:30PM ET",22.576,"DAL"
"PF/C","Alex Len",4100,"LAL@PHO 10/20/2017 10:00PM ET",20.401,"PHO"
"SG/SF","Bojan Bogdanovic",4100,"POR@IND 10/20/2017 07:00PM ET",20.450,"IND"
"PF","Caleb Swanigan",4100,"POR@IND 10/20/2017 07:00PM ET",25.000,"POR"
"SG/SF","Andre Iguodala",4100,"GS@NO 10/20/2017 09:30PM ET",20.481,"GS"
"PG","Ish Smith",4100,"DET@WAS 10/20/2017 07:00PM ET",22.640,"DET"
"PF/C","Jason Smith",4100,"DET@WAS 10/20/2017 07:00PM ET",12.014,"WAS"
"C","Tyson Chandler",4000,"LAL@PHO 10/20/2017 10:00PM ET",25.422,"PHO"
"PG","Tyler Ulis",4000,"LAL@PHO 10/20/2017 10:00PM ET",16.073,"PHO"
"PG","Cory Joseph",4000,"POR@IND 10/20/2017 07:00PM ET",19.126,"IND"
"SG/SF","Jonathon Simmons",4000,"ORL@BKN 10/20/2017 07:30PM ET",13.508,"ORL"
"C","Cody Zeller",4000,"ATL@CHA 10/20/2017 07:00PM ET",24.117,"CHA"
"SG/SF","Nicolas Batum",4000,"ATL@CHA 10/20/2017 07:00PM ET",34.054,"CHA"
"PG/SG","Jerryd Bayless",4000,"BOS@PHI 10/20/2017 07:00PM ET",18.125,"PHI"
"PG/SG","Seth Curry",4000,"SAC@DAL 10/20/2017 08:30PM ET",22.694,"DAL"
"PF/C","Taj Gibson",4000,"UTA@MIN 10/20/2017 08:00PM ET",22.000,"MIN"
"PG/SG","Donovan Mitchell",4000,"UTA@MIN 10/20/2017 08:00PM ET",0,"UTA"
"SG","Nick Young",4000,"GS@NO 10/20/2017 09:30PM ET",20.131,"GS"
"C","Ian Mahinmi",4000,"DET@WAS 10/20/2017 07:00PM ET",14.868,"WAS"
"PF/C","Richaun Holmes",3900,"BOS@PHI 10/20/2017 07:00PM ET",21.371,"PHI"
"SG/SF","Joe Johnson",3900,"UTA@MIN 10/20/2017 08:00PM ET",18.118,"UTA"
"PF/C","Tristan Thompson",3900,"CLE@MIL 10/20/2017 07:00PM ET",23.719,"CLE"
"SG/SF","Patrick McCaw",3900,"GS@NO 10/20/2017 09:30PM ET",8.966,"GS"
"PF/C","Jon Leuer",3900,"DET@WAS 10/20/2017 07:00PM ET",20.635,"DET"
"C","Ivica Zubac",3800,"LAL@PHO 10/20/2017 10:00PM ET",15.950,"LAL"
"SG/SF","Glenn Robinson III",3800,"POR@IND 10/20/2017 07:00PM ET",13.205,"IND"
"PF/C","Jarrett Allen",3800,"ORL@BKN 10/20/2017 07:30PM ET",8.250,"BKN"
"PF/C","Bismack Biyombo",3800,"ORL@BKN 10/20/2017 07:30PM ET",18.427,"ORL"
"C","Jahlil Okafor",3800,"BOS@PHI 10/20/2017 07:00PM ET",21.490,"PHI"
"PF/C","Jordan Bell",3800,"GS@NO 10/20/2017 09:30PM ET",10.250,"GS"
"SF/PF","Luol Deng",3700,"LAL@PHO 10/20/2017 10:00PM ET",18.461,"LAL"
"SF/PF","Jonathan Isaac",3700,"ORL@BKN 10/20/2017 07:30PM ET",22.750,"ORL"
"PG/SG","Malik Monk",3700,"ATL@CHA 10/20/2017 07:00PM ET",15.750,"CHA"
"PG/SG","Garrett Temple",3700,"SAC@DAL 10/20/2017 08:30PM ET",18.549,"SAC"
"PF/C","Gorgui Dieng",3700,"UTA@MIN 10/20/2017 08:00PM ET",26.883,"MIN"
"SG","Jamal Crawford",3700,"UTA@MIN 10/20/2017 08:00PM ET",19.608,"MIN"
"SF/PF","Jonas Jerebko",3700,"UTA@MIN 10/20/2017 08:00PM ET",10.503,"UTA"
"SG/SF","E'Twaun Moore",3700,"GS@NO 10/20/2017 09:30PM ET",17.943,"NO"
"SG/SF","Stanley Johnson",3700,"DET@WAS 10/20/2017 07:00PM ET",11.490,"DET"
"C","Boban Marjanovic",3700,"DET@WAS 10/20/2017 07:00PM ET",11.964,"DET"
"PG","Tim Frazier",3700,"DET@WAS 10/20/2017 07:00PM ET",19.842,"WAS"
"PG/SG","Alec Burks",3600,"UTA@MIN 10/20/2017 08:00PM ET",12.357,"UTA"
"SG/SF","J.R. Smith",3600,"CLE@MIL 10/20/2017 07:00PM ET",16.746,"CLE"
"PF/C","Thon Maker",3600,"CLE@MIL 10/20/2017 07:00PM ET",9.306,"MIL"
"PG/SG","Jordan Crawford",3600,"GS@NO 10/20/2017 09:30PM ET",21.663,"NO"
"PG/SG","Shaun Livingston",3600,"GS@NO 10/20/2017 09:30PM ET",11.275,"GS"
"PG/SG","Josh Hart",3500,"LAL@PHO 10/20/2017 10:00PM ET",0,"LAL"
"PF/C","Al Jefferson",3500,"POR@IND 10/20/2017 07:00PM ET",15.325,"IND"
"PF/C","Domantas Sabonis",3500,"POR@IND 10/20/2017 07:00PM ET",13.295,"IND"
"PF/C","Noah Vonleh",3500,"POR@IND 10/20/2017 07:00PM ET",13.077,"POR"
"PG/SG","Spencer Dinwiddie",3500,"ORL@BKN 10/20/2017 07:30PM ET",17.617,"BKN"
"SG","Mario Hezonja",3500,"ORL@BKN 10/20/2017 07:30PM ET",10.545,"ORL"
"C","Mike Muscala",3500,"ATL@CHA 10/20/2017 07:00PM ET",13.853,"ATL"
"SG","Marco Belinelli",3500,"ATL@CHA 10/20/2017 07:00PM ET",18.120,"ATL"
"SG/SF","Tony Snell",3500,"CLE@MIL 10/20/2017 07:00PM ET",16.364,"MIL"
"C","John Henson",3500,"CLE@MIL 10/20/2017 07:00PM ET",17.427,"MIL"
"C","Zaza Pachulia",3500,"GS@NO 10/20/2017 09:30PM ET",17.235,"GS"
"PG/SG","Langston Galloway",3500,"DET@WAS 10/20/2017 07:00PM ET",14.164,"DET"
"PF/C","Thomas Bryant",3400,"LAL@PHO 10/20/2017 10:00PM ET",11.750,"LAL"
"C","Alan Williams",3400,"LAL@PHO 10/20/2017 10:00PM ET",18.457,"PHO"
"PF/C","Zach Collins",3400,"POR@IND 10/20/2017 07:00PM ET",18.750,"POR"
"PG/SG","Shabazz Napier",3400,"POR@IND 10/20/2017 07:00PM ET",8.811,"POR"
"C","Timofey Mozgov",3400,"ORL@BKN 10/20/2017 07:30PM ET",15.645,"BKN"
"SG/SF","Corey Brewer",3300,"LAL@PHO 10/20/2017 10:00PM ET",10.750,"LAL"
"SG/SF","Joe Harris",3300,"ORL@BKN 10/20/2017 07:30PM ET",15.132,"BKN"
"SG/SF","Arron Afflalo",3300,"ORL@BKN 10/20/2017 07:30PM ET",13.971,"ORL"
"SG/SF","DeAndre' Bembry",3300,"ATL@CHA 10/20/2017 07:00PM ET",6.191,"ATL"
"PF/C","Amir Johnson",3300,"BOS@PHI 10/20/2017 07:00PM ET",15.787,"PHI"
"PF/C","Dwight Powell",3300,"SAC@DAL 10/20/2017 08:30PM ET",15.144,"DAL"
"C","Kosta Koufos",3300,"SAC@DAL 10/20/2017 08:30PM ET",16.635,"SAC"
"PF/C","Channing Frye",3300,"CLE@MIL 10/20/2017 07:00PM ET",16.859,"CLE"
"SG/SF","Kyle Korver",3300,"CLE@MIL 10/20/2017 07:00PM ET",16.672,"CLE"
"SG/SF","Tony Allen",3300,"GS@NO 10/20/2017 09:30PM ET",21.574,"NO"
"PF/C","Henry Ellenson",3300,"DET@WAS 10/20/2017 07:00PM ET",6.988,"DET"
"SG","Jodie Meeks",3300,"DET@WAS 10/20/2017 07:00PM ET",16.021,"WAS"
"PG/SG","Tyler Ennis",3200,"LAL@PHO 10/20/2017 10:00PM ET",8.945,"LAL"
"PF/C","Ed Davis",3200,"POR@IND 10/20/2017 07:00PM ET",13.059,"POR"
"PG","Michael Carter-Williams",3200,"ATL@CHA 10/20/2017 07:00PM ET",15.705,"CHA"
"SG/SF","Dwayne Bacon",3200,"ATL@CHA 10/20/2017 07:00PM ET",9.125,"CHA"
"C","Aron Baynes",3200,"BOS@PHI 10/20/2017 07:00PM ET",12.408,"BOS"
"SG/SF","Timothe Luwawu-Cabarrot",3200,"BOS@PHI 10/20/2017 07:00PM ET",11.808,"PHI"
"SF/PF","Nemanja Bjelica",3200,"UTA@MIN 10/20/2017 08:00PM ET",14.598,"MIN"
"SG/SF","Thabo Sefolosha",3200,"UTA@MIN 10/20/2017 08:00PM ET",18.008,"UTA"
"PG/SG","Ian Clark",3200,"GS@NO 10/20/2017 09:30PM ET",11.614,"NO"
"SF/PF","Omri Casspi",3200,"GS@NO 10/20/2017 09:30PM ET",11.847,"GS"
"C","JaVale McGee",3200,"GS@NO 10/20/2017 09:30PM ET",12.295,"GS"
"SG","Luke Kennard",3200,"DET@WAS 10/20/2017 07:00PM ET",16.750,"DET"
"SG/SF","Pat Connaughton",3100,"POR@IND 10/20/2017 07:00PM ET",5.756,"POR"
"PG/SG","D.J. Augustin",3100,"ORL@BKN 10/20/2017 07:30PM ET",14.715,"ORL"
"PG","T.J. McConnell",3100,"BOS@PHI 10/20/2017 07:00PM ET",23.229,"PHI"
"SG/SF","Justin Jackson",3100,"SAC@DAL 10/20/2017 08:30PM ET",4.000,"SAC"
"SG/SF","Shabazz Muhammad",3100,"UTA@MIN 10/20/2017 08:00PM ET",14.994,"MIN"
"PG/SG","Matthew Dellavedova",3100,"CLE@MIL 10/20/2017 07:00PM ET",17.672,"MIL"
"PF","Cheick Diallo",3100,"GS@NO 10/20/2017 09:30PM ET",11.671,"NO"
"SF/PF","Dante Cunningham",3100,"GS@NO 10/20/2017 09:30PM ET",14.881,"NO"
"PG/SG","Alex Caruso",3000,"LAL@PHO 10/20/2017 10:00PM ET",4.875,"LAL"
"C","Andrew Bogut",3000,"LAL@PHO 10/20/2017 10:00PM ET",17.759,"LAL"
"PG/SG","Vander Blue",3000,"LAL@PHO 10/20/2017 10:00PM ET",5.625,"LAL"
"PF","Jared Dudley",3000,"LAL@PHO 10/20/2017 10:00PM ET",15.855,"PHO"
"SG","Davon Reed",3000,"LAL@PHO 10/20/2017 10:00PM ET",0,"PHO"
"SF/PF","Alec Peters",3000,"LAL@PHO 10/20/2017 10:00PM ET",0,"PHO"
"SF","Derrick Jones Jr.",3000,"LAL@PHO 10/20/2017 10:00PM ET",10.174,"PHO"
"PG","Mike James",3000,"LAL@PHO 10/20/2017 10:00PM ET",24.250,"PHO"
"SG","Troy Daniels",3000,"LAL@PHO 10/20/2017 10:00PM ET",11.943,"PHO"
"PF/C","Dragan Bender",3000,"LAL@PHO 10/20/2017 10:00PM ET",8.858,"PHO"
"PG/SG","Brandon Knight",3000,"LAL@PHO 10/20/2017 10:00PM ET",18.171,"PHO"
"SF/PF","TJ Leaf",3000,"POR@IND 10/20/2017 07:00PM ET",6.750,"IND"
"SF","Alex Poythress",3000,"POR@IND 10/20/2017 07:00PM ET",17.607,"IND"
"PG","Edmond Sumner",3000,"POR@IND 10/20/2017 07:00PM ET",0,"IND"
"SG/SF","Damien Wilkins",3000,"POR@IND 10/20/2017 07:00PM ET",18.000,"IND"
"PG/SG","Joe Young",3000,"POR@IND 10/20/2017 07:00PM ET",3.706,"IND"
"PF/C","Ike Anigbogu",3000,"POR@IND 10/20/2017 07:00PM ET",0,"IND"
"PF/C","Meyers Leonard",3000,"POR@IND 10/20/2017 07:00PM ET",11.923,"POR"
"SG/SF","C.J. Wilcox",3000,"POR@IND 10/20/2017 07:00PM ET",2.659,"POR"
"SF/PF","Jake Layman",3000,"POR@IND 10/20/2017 07:00PM ET",4.382,"POR"
"PG/SG","Isaiah Whitehead",3000,"ORL@BKN 10/20/2017 07:30PM ET",15.861,"BKN"
"SG","Yakuba Ouattara",3000,"ORL@BKN 10/20/2017 07:30PM ET",1.500,"BKN"
"C","Tyler Zeller",3000,"ORL@BKN 10/20/2017 07:30PM ET",8.266,"BKN"
"PG","Jacob Wiley",3000,"ORL@BKN 10/20/2017 07:30PM ET",0,"BKN"
"PF/C","Quincy Acy",3000,"ORL@BKN 10/20/2017 07:30PM ET",12.333,"BKN"
"SG/SF","Jamel Artis",3000,"ORL@BKN 10/20/2017 07:30PM ET",5.750,"ORL"
"PG","Shelvin Mack",3000,"ORL@BKN 10/20/2017 07:30PM ET",15.512,"ORL"
"PF","Adreian Payne",3000,"ORL@BKN 10/20/2017 07:30PM ET",7.903,"ORL"
"SG/SF","Wes Iwundu",3000,"ORL@BKN 10/20/2017 07:30PM ET",13.500,"ORL"
"PF/C","Marreese Speights",3000,"ORL@BKN 10/20/2017 07:30PM ET",16.969,"ORL"
"PF","Khem Birch",3000,"ORL@BKN 10/20/2017 07:30PM ET",7.250,"ORL"
"PG/SG","Malcolm Delaney",3000,"ATL@CHA 10/20/2017 07:00PM ET",12.010,"ATL"
"PG/SG","Tyler Dorsey",3000,"ATL@CHA 10/20/2017 07:00PM ET",11.500,"ATL"
"C","Miles Plumlee",3000,"ATL@CHA 10/20/2017 07:00PM ET",6.777,"ATL"
"SG/SF","Nicolas Brussino",3000,"ATL@CHA 10/20/2017 07:00PM ET",7.272,"ATL"
"SF/PF","Luke Babbitt",3000,"ATL@CHA 10/20/2017 07:00PM ET",9.650,"ATL"
"PG","Josh Magette",3000,"ATL@CHA 10/20/2017 07:00PM ET",6.875,"ATL"
"PG","Isaiah Taylor",3000,"ATL@CHA 10/20/2017 07:00PM ET",2.469,"ATL"
"PG","Marcus Paige",3000,"ATL@CHA 10/20/2017 07:00PM ET",0.500,"CHA"
"PF/C","Mangok Mathiang",3000,"ATL@CHA 10/20/2017 07:00PM ET",6.000,"CHA"
"PF/C","Johnny O'Bryant III",3000,"ATL@CHA 10/20/2017 07:00PM ET",5.750,"CHA"
"PG/SG","Julyan Stone",3000,"ATL@CHA 10/20/2017 07:00PM ET",15.000,"CHA"
"SG/SF","Treveon Graham",3000,"ATL@CHA 10/20/2017 07:00PM ET",4.093,"CHA"
"PF/C","Guerschon Yabusele",3000,"BOS@PHI 10/20/2017 07:00PM ET",6.500,"BOS"
"PF/C","Daniel Theis",3000,"BOS@PHI 10/20/2017 07:00PM ET",29.750,"BOS"
"SG","Jabari Bird",3000,"BOS@PHI 10/20/2017 07:00PM ET",6.750,"BOS"
"SG","Kadeem Allen",3000,"BOS@PHI 10/20/2017 07:00PM ET",0.000,"BOS"
"PF","Abdel Nader",3000,"BOS@PHI 10/20/2017 07:00PM ET",15.000,"BOS"
"PG","Shane Larkin",3000,"BOS@PHI 10/20/2017 07:00PM ET",7.000,"BOS"
"SF/PF","Semi Ojeleye",3000,"BOS@PHI 10/20/2017 07:00PM ET",5.500,"BOS"
"PF","James Michael McAdoo",3000,"BOS@PHI 10/20/2017 07:00PM ET",6.394,"PHI"
"SF/PF","Justin Anderson",3000,"BOS@PHI 10/20/2017 07:00PM ET",14.023,"PHI"
"PG","Jacob Pullen",3000,"BOS@PHI 10/20/2017 07:00PM ET",7.000,"PHI"
"PG/SF","Nik Stauskas",3000,"BOS@PHI 10/20/2017 07:00PM ET",18.370,"PHI"
"SG/SF","Furkan Korkmaz",3000,"BOS@PHI 10/20/2017 07:00PM ET",11.000,"PHI"
"PG","Gian Clavell",3000,"SAC@DAL 10/20/2017 08:30PM ET",27.250,"DAL"
"PF/C","Johnathan Motley",3000,"SAC@DAL 10/20/2017 08:30PM ET",15.250,"DAL"
"SF","Dorian Finney-Smith",3000,"SAC@DAL 10/20/2017 08:30PM ET",10.954,"DAL"
"C","Salah Mejri",3000,"SAC@DAL 10/20/2017 08:30PM ET",10.662,"DAL"
"PF/C","Josh McRoberts",3000,"SAC@DAL 10/20/2017 08:30PM ET",13.523,"DAL"
"PG/SG","Devin Harris",3000,"SAC@DAL 10/20/2017 08:30PM ET",13.814,"DAL"
"C","Jeff Withey",3000,"SAC@DAL 10/20/2017 08:30PM ET",7.636,"DAL"
"PF","Maxi Kleber",3000,"SAC@DAL 10/20/2017 08:30PM ET",4.750,"DAL"
"PF","Jack Cooley",3000,"SAC@DAL 10/20/2017 08:30PM ET",0.750,"SAC"
"SG/SF","Vince Carter",3000,"SAC@DAL 10/20/2017 08:30PM ET",17.375,"SAC"
"SG/SF","Malachi Richardson",3000,"SAC@DAL 10/20/2017 08:30PM ET",6.304,"SAC"
"PG/SG","Frank Mason III",3000,"SAC@DAL 10/20/2017 08:30PM ET",26.500,"SAC"
"SF/PF","Jakarr Sampson",3000,"SAC@DAL 10/20/2017 08:30PM ET",5.500,"SAC"
"C","Georgios Papagiannis",3000,"SAC@DAL 10/20/2017 08:30PM ET",13.337,"SAC"
"PF/C","Harry Giles",3000,"SAC@DAL 10/20/2017 08:30PM ET",0,"SAC"
"SG/SF","Marcus Georges-Hunt",3000,"UTA@MIN 10/20/2017 08:00PM ET",6.250,"MIN"
"C","Justin Patton",3000,"UTA@MIN 10/20/2017 08:00PM ET",0,"MIN"
"SG/SF","Anthony Brown",3000,"UTA@MIN 10/20/2017 08:00PM ET",9.886,"MIN"
"PG/SG","Tyus Jones",3000,"UTA@MIN 10/20/2017 08:00PM ET",10.357,"MIN"
"C","Cole Aldrich",3000,"UTA@MIN 10/20/2017 08:00PM ET",6.919,"MIN"
"PG/SG","Aaron Brooks",3000,"UTA@MIN 10/20/2017 08:00PM ET",10.007,"MIN"
"PG","Raul Neto",3000,"UTA@MIN 10/20/2017 08:00PM ET",5.709,"UTA"
"PG","Nate Wolters",3000,"UTA@MIN 10/20/2017 08:00PM ET",0,"UTA"
"PF/C","Ekpe Udoh",3000,"UTA@MIN 10/20/2017 08:00PM ET",0,"UTA"
"PG/SG","Dante Exum",3000,"UTA@MIN 10/20/2017 08:00PM ET",11.712,"UTA"
"SF","Royce O'Neale",3000,"UTA@MIN 10/20/2017 08:00PM ET",0,"UTA"
"PF/C","Tony Bradley",3000,"UTA@MIN 10/20/2017 08:00PM ET",0,"UTA"
"SF/PF","Eric Griffin",3000,"UTA@MIN 10/20/2017 08:00PM ET",0,"UTA"
"PG","Jose Calderon",3000,"CLE@MIL 10/20/2017 07:00PM ET",9.102,"CLE"
"SG/SF","John Holland",3000,"CLE@MIL 10/20/2017 07:00PM ET",8.250,"CLE"
"SF/PF","Jeff Green",3000,"CLE@MIL 10/20/2017 07:00PM ET",16.207,"CLE"
"PG/SG","Iman Shumpert",3000,"CLE@MIL 10/20/2017 07:00PM ET",14.628,"CLE"
"SG/SF","Cedi Osman",3000,"CLE@MIL 10/20/2017 07:00PM ET",11.000,"CLE"
"PF/C","Ante Zizic",3000,"CLE@MIL 10/20/2017 07:00PM ET",14.000,"CLE"
"PG","London Perrantes",3000,"CLE@MIL 10/20/2017 07:00PM ET",-0.500,"CLE"
"SF/PF","D.J. Wilson",3000,"CLE@MIL 10/20/2017 07:00PM ET",14.875,"MIL"
"PG/SG","Jason Terry",3000,"CLE@MIL 10/20/2017 07:00PM ET",9.719,"MIL"
"SG","Sterling Brown",3000,"CLE@MIL 10/20/2017 07:00PM ET",10.250,"MIL"
"PG/SG","Rashad Vaughn",3000,"CLE@MIL 10/20/2017 07:00PM ET",7.815,"MIL"
"PG/SG","DeAndre Liggins",3000,"CLE@MIL 10/20/2017 07:00PM ET",7.702,"MIL"
"SF/PF","Mirza Teletovic",3000,"CLE@MIL 10/20/2017 07:00PM ET",11.413,"MIL"
"SG","Gary Payton II",3000,"CLE@MIL 10/20/2017 07:00PM ET",13.969,"MIL"
"C","Omer Asik",3000,"GS@NO 10/20/2017 09:30PM ET",10.492,"NO"
"SF","Jalen Jones",3000,"GS@NO 10/20/2017 09:30PM ET",0,"NO"
"SF/PF","Solomon Hill",3000,"GS@NO 10/20/2017 09:30PM ET",17.138,"NO"
"SF","Darius Miller",3000,"GS@NO 10/20/2017 09:30PM ET",14.000,"NO"
"SG","Charles Cooke",3000,"GS@NO 10/20/2017 09:30PM ET",3.000,"NO"
"PG","Frank Jackson",3000,"GS@NO 10/20/2017 09:30PM ET",0,"NO"
"C","Alexis Ajinca",3000,"GS@NO 10/20/2017 09:30PM ET",13.237,"NO"
"PF/C","David West",3000,"GS@NO 10/20/2017 09:30PM ET",13.625,"GS"
"PF","Chris Boucher",3000,"GS@NO 10/20/2017 09:30PM ET",0,"GS"
"SF/PF","Kevon Looney",3000,"GS@NO 10/20/2017 09:30PM ET",7.370,"GS"
"C","Damian Jones",3000,"GS@NO 10/20/2017 09:30PM ET",6.000,"GS"
"PG","Quinn Cook",3000,"GS@NO 10/20/2017 09:30PM ET",9.656,"GS"
"SF/PF","Anthony Tolliver",3000,"DET@WAS 10/20/2017 07:00PM ET",15.373,"DET"
"SF","Luis Montero",3000,"DET@WAS 10/20/2017 07:00PM ET",0,"DET"
"SG/SF","Reggie Bullock",3000,"DET@WAS 10/20/2017 07:00PM ET",10.177,"DET"
"PF/C","Eric Moreland",3000,"DET@WAS 10/20/2017 07:00PM ET",0,"DET"
"PG","Dwight Buycks",3000,"DET@WAS 10/20/2017 07:00PM ET",0,"DET"
"PF/C","Chris McCullough",3000,"DET@WAS 10/20/2017 07:00PM ET",4.359,"WAS"
"PF","Mike Young",3000,"DET@WAS 10/20/2017 07:00PM ET",0,"WAS"
"SG/SF","Carrick Felix",3000,"DET@WAS 10/20/2017 07:00PM ET",0,"WAS"
"PF","Mike Scott",3000,"DET@WAS 10/20/2017 07:00PM ET",7.153,"WAS"
"SG","Sheldon Mac",3000,"DET@WAS 10/20/2017 07:00PM ET",5.216,"WAS"
"PG/SG","Tomas Satoransky",3000,"DET@WAS 10/20/2017 07:00PM ET",7.030,"WAS"
"SG","Devin Robinson",3000,"DET@WAS 10/20/2017 07:00PM ET",0,"WAS"
